<library path="lib/libaubo_i3_moveit_kinematic_plugin">
  <class name="aubo_kinematics/AuboI3KinematicsPlugin" type="aubo_kinematics::AuboKinematicsPlugin" base_class_type="kinematics::KinematicsBase">
    <description>
      Analytic kinematics for the Aubo Robots I3.
    </description>
  </class>
</library>

<library path="lib/libaubo_i5_moveit_kinematic_plugin">
  <class name="aubo_kinematics/AuboI5KinematicsPlugin" type="aubo_kinematics::AuboKinematicsPlugin" base_class_type="kinematics::KinematicsBase">
    <description>
      Analytic kinematics for the Aubo Robots I5.
    </description>
  </class>
</library>

<library path="lib/libaubo_i10_moveit_kinematic_plugin">
  <class name="aubo_kinematics/AuboI10KinematicsPlugin" type="aubo_kinematics::AuboKinematicsPlugin" base_class_type="kinematics::KinematicsBase">
    <description>
      Analytic kinematics for the Aubo Robots I10.
    </description>
  </class>
</library>
